Link #,Source Post,Source URL,Target Page,Target URL,Verified Anchor Text,Original Snippet,Proposed Rewrite,Section / Placement Note,Confidence,Why stretch / notes
7,#2 Multi-Warehouse Inventory for Industrial Suppliers: A Practical Guide,https://buyience.com/blog/multi-warehouse-inventory-for-industrial-suppliers-a-practical-guide,#3 Net 30/60/90 Terms in Industrial Distribution: What Actually Works,https://buyience.com/blog/net-30-60-90-terms-in-industrial-distribution-what-actually-works,Net 30/60/90 terms,"A rep quoting a customer needs to know, at the moment of quoting, what's actually available and where it would ship from, not a number that was accurate as of this morning's manual export.","A rep quoting a customer needs to know, at the moment of quoting, what's actually available, where it would ship from, and which Net 30/60/90 terms apply — not a number that was accurate as of this morning's manual export.",Step 3: Build real-time visibility into quoting and sales,medium,No payment-terms phrase in source; quoting is the natural bridge | subagent rematch
11,#3 Net 30/60/90 Terms in Industrial Distribution: What Actually Works,https://buyience.com/blog/net-30-60-90-terms-in-industrial-distribution-what-actually-works,#22 B2B Reordering Is Broken — and Why That Matters,https://buyience.com/blog/b2b-reordering-is-broken-and-why-that-matters,B2B reordering,"Collections has no visibility into upcoming large orders, so cash-flow forecasting is reactive rather than planned.","Collections has no visibility into upcoming large orders or B2B reordering patterns, so cash-flow forecasting is reactive rather than planned.",What breaks when terms live disconnected from your order system,medium,No reorder phrasing in source; cash-flow/orders bullet is cleanest bridge | subagent rematch
17,#4 Managing Custom and Bulk Orders for Corporate Gift Programs,https://buyience.com/blog/managing-custom-and-bulk-orders-for-corporate-gift-programs,#6 Why Corporate Gifting Companies Outgrow Shopify (and What to Use Instead),https://buyience.com/blog/why-corporate-gifting-companies-outgrow-shopify-and-what-to-use-instead,outgrow Shopify,"That works until order volume grows past what any one person can hold in their head, or until the person who took the order isn't the person who fulfills it.",That works until order volume grows past what any one person can hold in their head — often the same moment teams outgrow Shopify — or until the person who took the order isn't the person who fulfills it.,Intro,high,No Shopify mention in source; growth-breakpoint clause is natural | subagent rematch
46,#9 How to Price Fasteners and MRO Parts for Repeat B2B Buyers,https://buyience.com/blog/how-to-price-fasteners-and-mro-parts-for-repeat-b2b-buyers,#8 Industrial Supply Distributors: Moving From Phone/Email Orders to Self-Service,https://buyience.com/blog/industrial-supply-distributors-moving-from-phone-email-orders-to-self-service,self-service ordering,"so repeat customers get consistent, current pricing on every quote without a rep needing to manually recall or recalculate what applies.","so repeat customers get consistent, current pricing on every quote and via self-service ordering without a rep needing to manually recall or recalculate what applies.",How Nova Core supports repeat-buyer pricing,medium,No phone/email or self-service phrase in source; minimal insert | subagent rematch
49,#10 Quote Turnaround Time: The Metric Fastener Distributors Ignore,https://buyience.com/blog/quote-turnaround-time-the-metric-fastener-distributors-ignore,#16 AI Quote Generation in B2B — What's Real vs Marketing,https://buyience.com/blog/ai-quote-generation-in-b2b-what-is-real-vs-marketing,AI quote generation,"If tiered, volume, and contract pricing resolve automatically rather than being manually checked and calculated, the single largest chunk of quoting time disappears without asking anyone to work faster or cut corners.","If AI quote generation resolves tiered, volume, and contract pricing automatically rather than being manually checked and calculated, the single largest chunk of quoting time disappears without asking anyone to work faster or cut corners.",What actually moves the needle,medium,Keeps AI Quote Engine free for money-page link 48 | subagent rematch
58,#12 Tiered Pricing for Fastener & MRO Distributors: A Practical Setup Guide,https://buyience.com/blog/tiered-pricing-for-fastener-and-mro-distributors-a-practical-setup-guide,#8 Industrial Supply Distributors: Moving From Phone/Email Orders to Self-Service,https://buyience.com/blog/industrial-supply-distributors-moving-from-phone-email-orders-to-self-service,self-service ordering,"Margin floors are enforced at the system level, with exceptions routed for approval rather than left to individual judgment.","Margin floors are enforced at the system level, with exceptions routed for approval rather than left to individual judgment — the same foundation that makes self-service ordering safe for industrial buyers.",How Nova Core handles this,medium,No self-service phrase in source; append only | subagent rematch
64,#13 How Fastener Distributors Can Stop Losing Margin on Manual Quotes,https://buyience.com/blog/how-fastener-distributors-can-stop-losing-margin-on-manual-quotes,#10 Quote Turnaround Time: The Metric Fastener Distributors Ignore,https://buyience.com/blog/quote-turnaround-time-the-metric-fastener-distributors-ignore,quote turnaround time,It's the deals that go to whichever competitor answered first.,It's quote turnaround time — the deals go to whichever competitor answered first.,Where the margin actually leaks,medium,Natural insert; avoids mid-sentence mangling | subagent rematch
75,#14 How Distributors Can Automate Quote-to-Order Processes (2026 Playbook),https://buyience.com/blog/how-distributors-can-automate-quote-to-order-processes-2026-playbook,#4 Managing Custom and Bulk Orders for Corporate Gift Programs,https://buyience.com/blog/managing-custom-and-bulk-orders-for-corporate-gift-programs,managing custom and bulk orders,No wonder this process can take days or weeks in complex environments.,No wonder this process can take days or weeks in complex environments — the same friction shows up when managing custom and bulk orders.,Why the Quote-to-Order Process Is So Hard to Fix Manually,low,Cross-cluster bridge; no gifting content in source | subagent rematch
78,#15 Why Manufacturers Need a Modern B2B Ecommerce Platform in 2026,https://buyience.com/blog/why-manufacturers-need-a-modern-b2b-ecommerce-platform-in-2026,#18 The Universal Commerce Protocol Is Here. Most B2B Platforms Aren't Ready for It,https://buyience.com/blog/the-universal-commerce-protocol-is-here.-most-b2b-platforms-aren-t-ready-for-it,Universal Commerce Protocol,"That means your content and pricing need to be clear and extractable, or you simply won't surface in the research phase where shortlists form.",That means your content and pricing need to be clear and extractable — including for agent protocols like the Universal Commerce Protocol — or you simply won't surface in the research phase where shortlists form.,AI Is Now Part of the Buying Decision Itself,medium,Natural fit beside extractable/agent research context | subagent rematch
81,#15 Why Manufacturers Need a Modern B2B Ecommerce Platform in 2026,https://buyience.com/blog/why-manufacturers-need-a-modern-b2b-ecommerce-platform-in-2026,#6 Why Corporate Gifting Companies Outgrow Shopify (and What to Use Instead),https://buyience.com/blog/why-corporate-gifting-companies-outgrow-shopify-and-what-to-use-instead,outgrow Shopify,who've outgrown spreadsheets but don't want to buy complicated enterprise software that takes months to stand up.,"who've outgrown spreadsheets — and, like brands that outgrow Shopify, need B2B-native tooling — but don't want to buy complicated enterprise software that takes months to stand up.",The Objection You're Really Wrestling With,low,Cross-cluster; no Shopify in source | subagent rematch
87,#16 AI Quote Generation in B2B — What's Real vs Marketing,https://buyience.com/blog/ai-quote-generation-in-b2b-what-is-real-vs-marketing,#18 The Universal Commerce Protocol Is Here. Most B2B Platforms Aren't Ready for It,https://buyience.com/blog/the-universal-commerce-protocol-is-here.-most-b2b-platforms-aren-t-ready-for-it,Universal Commerce Protocol,"These data domains are native to the platform — API-addressable, real-time, and structured.","These data domains are native to the platform — API-addressable (including for standards like the Universal Commerce Protocol), real-time, and structured.",Where This Connects to Platform Architecture,medium,Stronger than weak exact 'API-addressable' alone | subagent rematch
91,#17 Composable Commerce for B2B — A Decision Guide,https://buyience.com/blog/composable-commerce-for-b2b-a-decision-guide,#21 ERP-First vs Commerce-First Architecture in B2B — What Actually Works,https://buyience.com/blog/erp-first-vs-commerce-first-architecture-in-b2b-what-actually-works,ERP-first or commerce-first,"Before selecting a composable stack, B2B teams need to evaluate the architecture against the workflows it's supposed to support — not just the services it can deploy.",Before selecting a composable stack — and before defaulting to ERP-first or commerce-first — B2B teams need to evaluate the architecture against the workflows it's supposed to support — not just the services it can deploy.,The Decision Framework,medium, | subagent rematch
94,#18 The Universal Commerce Protocol Is Here. Most B2B Platforms Aren't Ready for It,https://buyience.com/blog/the-universal-commerce-protocol-is-here.-most-b2b-platforms-aren-t-ready-for-it,#19 Why Most B2B ERP Integrations Fail,https://buyience.com/blog/why-most-b2b-erp-integrations-fail,ERP integrations fail,Pricing logic locked inside ERPs — Many B2B operators run pricing through their ERP,"ERP integrations fail when pricing logic is locked inside ERPs — Many B2B operators run pricing through their ERP, which was designed for internal operations, not real-time external queries.",Where B2B Platforms Typically Fall Short,medium, | subagent rematch
99,#19 Why Most B2B ERP Integrations Fail,https://buyience.com/blog/why-most-b2b-erp-integrations-fail,#21 ERP-First vs Commerce-First Architecture in B2B — What Actually Works,https://buyience.com/blog/erp-first-vs-commerce-first-architecture-in-b2b-what-actually-works,ERP-first versus commerce-first,"We help B2B teams define architecture, map workflows, and design scalable integration strategies—before development begins.","We help B2B teams define ERP-first versus commerce-first architecture, map workflows, and design scalable integration strategies—before development begins.","Start with Scope, Not Integration",medium, | subagent rematch
100,#19 Why Most B2B ERP Integrations Fail,https://buyience.com/blog/why-most-b2b-erp-integrations-fail,#17 Composable Commerce for B2B — A Decision Guide,https://buyience.com/blog/composable-commerce-for-b2b-a-decision-guide,composable commerce,Wrong approach: Start with integration. Right approach: Start with architecture,Wrong approach: Start with integration. Right approach: Start with composable commerce architecture,The Bigger Shift,medium, | subagent rematch
101,#20 The Real Cost of Headless Commerce for B2B Companies,https://buyience.com/blog/the-real-cost-of-headless-commerce-for-b2b-companies,#31 What Is MACH Architecture? A Complete Guide for Modern B2B Commerce,https://buyience.com/blog/what-is-mach-architecture-a-complete-guide,MACH architecture,"We help B2B teams evaluate their headless architecture, identify workflow gaps, and design systems that scale without unnecessary complexity.","We help B2B teams evaluate their MACH architecture alongside headless choices, identify workflow gaps, and design systems that scale without unnecessary complexity.",Evaluate Your Headless Architecture,medium, | subagent rematch
102,#20 The Real Cost of Headless Commerce for B2B Companies,https://buyience.com/blog/the-real-cost-of-headless-commerce-for-b2b-companies,/platform-overview (product page),https://buyience.com/platform-overview,Nova Core,"We help B2B teams evaluate their headless architecture, identify workflow gaps, and design systems that scale without unnecessary complexity.","We help B2B teams evaluate their headless architecture, identify workflow gaps, and design systems with Nova Core that scale without unnecessary complexity.",Evaluate Your Headless Architecture,medium, | subagent rematch
107,#21 ERP-First vs Commerce-First Architecture in B2B — What Actually Works,https://buyience.com/blog/erp-first-vs-commerce-first-architecture-in-b2b-what-actually-works,#32 What Is Buyience? A Modern API-Driven B2B Commerce Platform Built for Operational Scale,https://buyience.com/blog/what-is-buyience-a-mordern-b2b-commerce-platform,Buyience,That’s how modern B2B systems scale.,That’s how Buyience helps modern B2B systems scale.,Conclusion,medium, | subagent rematch
108,#21 ERP-First vs Commerce-First Architecture in B2B — What Actually Works,https://buyience.com/blog/erp-first-vs-commerce-first-architecture-in-b2b-what-actually-works,#31 What Is MACH Architecture? A Complete Guide for Modern B2B Commerce,https://buyience.com/blog/what-is-mach-architecture-a-complete-guide,MACH architecture,A scalable B2B architecture distributes responsibilities across systems instead of centralizing them in one platform.,A scalable MACH architecture for B2B distributes responsibilities across systems instead of centralizing them in one platform.,What Actually Works: Distributed Architecture,medium, | subagent rematch
109,#21 ERP-First vs Commerce-First Architecture in B2B — What Actually Works,https://buyience.com/blog/erp-first-vs-commerce-first-architecture-in-b2b-what-actually-works,"#28 B2B Commerce and Headless Architecture: What Headless Solves, What It Doesn't, and When It Matters",https://buyience.com/blog/b2b-commerce-and-headless-architecture,headless architecture,Most B2B companies frame architecture decisions like this: Should ERP control everything? Or should ecommerce lead the experience?,Most B2B companies frame headless architecture decisions like this: Should ERP control everything? Or should ecommerce lead the experience?,Introduction,medium, | subagent rematch
110,#21 ERP-First vs Commerce-First Architecture in B2B — What Actually Works,https://buyience.com/blog/erp-first-vs-commerce-first-architecture-in-b2b-what-actually-works,#18 The Universal Commerce Protocol Is Here. Most B2B Platforms Aren't Ready for It,https://buyience.com/blog/the-universal-commerce-protocol-is-here.-most-b2b-platforms-aren-t-ready-for-it,Universal Commerce Protocol,Workflows should drive architecture—not systems.,Workflows should drive architecture—not systems—especially as standards like the Universal Commerce Protocol emerge.,The Bigger Shift,medium, | subagent rematch
111,#21 ERP-First vs Commerce-First Architecture in B2B — What Actually Works,https://buyience.com/blog/erp-first-vs-commerce-first-architecture-in-b2b-what-actually-works,#20 The Real Cost of Headless Commerce for B2B Companies,https://buyience.com/blog/the-real-cost-of-headless-commerce-for-b2b-companies,real cost of headless,The Hidden Cost of Choosing the Wrong Architecture.,The Hidden Cost of Choosing the Wrong Architecture often mirrors the real cost of headless.,The Hidden Cost of Choosing the Wrong Architecture,medium, | subagent rematch
114,#22 B2B Reordering Is Broken — and Why That Matters,https://buyience.com/blog/b2b-reordering-is-broken-and-why-that-matters,#2 Multi-Warehouse Inventory for Industrial Suppliers: A Practical Guide,https://buyience.com/blog/multi-warehouse-inventory-for-industrial-suppliers-a-practical-guide,multi-warehouse inventory,What You Actually Need - A reorder system independent of the storefront - Fast access to order history - Real-time pricing integration - Minimal ERP dependency,What You Actually Need - A reorder system independent of the storefront - Fast access to order history - Real-time pricing integration - Multi-warehouse inventory with minimal ERP dependency,Reordering Is Not Just UX,medium, | subagent rematch
123,#24 The Real Cost of Manual Quote Approvals in B2B,https://buyience.com/blog/the-real-cost-of-manual-quote-approvals-in-b2b,/digital-sales-room (product page),https://buyience.com/digital-sales-room,digital sales room,Modern B2B quote approval automation eliminates unnecessary waiting by:,A digital sales room with modern B2B quote approval automation eliminates unnecessary waiting by: - Auto-approving deals within margin guardrails - Triggering escalation only when thresholds are exceeded,Cost #1,medium, | subagent rematch
127,#25 Why Manual B2B Quoting Is Costing You Deals,https://buyience.com/blog/why-manual-b2b-quoting-is-costing-you-deals,/ai-quote-engine (product page),https://buyience.com/ai-quote-engine,AI Quote Engine,You have a quoting workflow problem.,You have a quoting workflow problem an AI Quote Engine is built to fix.,Is Your Team Showing the Signs?,medium,Money page; product phrase introduced near pre-CTA diagnosis | subagent rematch
130,#25 Why Manual B2B Quoting Is Costing You Deals,https://buyience.com/blog/why-manual-b2b-quoting-is-costing-you-deals,#5 Digital Sales Room (DSR),https://buyience.com/blog/digital-sales-room-dsr,digital sales room,"A buyer who receives a PDF quote, spots an error, replies-all, waits for a correction, then gets a revised attachment is forming an opinion about how hard your company is to do business with.","Without a digital sales room, a buyer who receives a PDF quote, spots an error, replies-all, waits for a correction, then gets a revised attachment is forming an opinion about how hard your company is to do business with.",The Hidden Cost of Manual Quoting (Beyond Time),medium,No DSR phrase on page; minimal prefix rewrite | subagent rematch
138,#27 Quote in B2B & AI Quote Engine: How It Works,https://buyience.com/blog/ai-quote-engine-for-b2b-commerce,#5 Digital Sales Room (DSR),https://buyience.com/blog/digital-sales-room-dsr,digital sales room,"Quoting is no longer a back-office task.

It’s a customer-facing moment that directly influences trust, speed, and deal outcomes.","Quoting is no longer a back-office task.

A digital sales room makes it a customer-facing moment that directly influences trust, speed, and deal outcomes.",Closing Thought,medium,No DSR phrase on page | subagent rematch
140,"#28 B2B Commerce and Headless Architecture: What Headless Solves, What It Doesn't, and When It Matters",https://buyience.com/blog/b2b-commerce-and-headless-architecture,#31 What Is MACH Architecture? A Complete Guide for Modern B2B Commerce,https://buyience.com/blog/what-is-mach-architecture-a-complete-guide,what MACH architecture is,Understanding what headless architecture actually enables—and what it does not—helps businesses evaluate whether it matters for their specific operational needs or whether other capabilities should take priority.,Understanding what MACH architecture is—and what headless does not solve alone—helps businesses evaluate whether it matters for their specific operational needs or whether other capabilities should take priority.,Intro,medium,No MACH phrase in source; guide-oriented rewrite | subagent rematch
144,"#28 B2B Commerce and Headless Architecture: What Headless Solves, What It Doesn't, and When It Matters",https://buyience.com/blog/b2b-commerce-and-headless-architecture,#26 How MACH Architecture Enables Modern B2B Commerce,https://buyience.com/blog/mach-architecture-for-modern-b2b-commerce,MACH architecture for modern B2B,A business anticipating frequent changes across multiple capabilities benefits from composable architecture.,A business anticipating frequent changes across multiple capabilities benefits from MACH architecture for modern B2B.,Headless vs Composable vs Monolithic (Clarified),medium,Unique vs 140; targets modern-B2B MACH post | subagent rematch
146,"#29 B2B E-commerce: What It Is, Why It Matters, and How Modern Platforms Support It",https://buyience.com/blog/what-is-b2b-ecommerce-a-complete-guide,#18 The Universal Commerce Protocol Is Here. Most B2B Platforms Aren't Ready for It,https://buyience.com/blog/the-universal-commerce-protocol-is-here.-most-b2b-platforms-aren-t-ready-for-it,Universal Commerce Protocol,"Instead of monolithic platforms that attempt to provide every capability, B2B e-commerce will increasingly consist of specialized components that integrate through APIs.","Instead of monolithic platforms that attempt to provide every capability, B2B e-commerce will increasingly consist of specialized components that integrate through APIs and standards like the Universal Commerce Protocol.",The Future of B2B E-commerce,medium,Phrase absent; future/modular section is natural home | subagent rematch
147,"#29 B2B E-commerce: What It Is, Why It Matters, and How Modern Platforms Support It",https://buyience.com/blog/what-is-b2b-ecommerce-a-complete-guide,#19 Why Most B2B ERP Integrations Fail,https://buyience.com/blog/why-most-b2b-erp-integrations-fail,ERP integrations fail,The e-commerce platform needs to connect with these systems without requiring complete replacement.,The e-commerce platform needs to connect with these systems without requiring complete replacement—otherwise ERP integrations fail under real operational load.,Why B2B E-commerce Is Harder Than It Looks,medium,Has ERP systems but not fail phrasing | subagent rematch
148,"#29 B2B E-commerce: What It Is, Why It Matters, and How Modern Platforms Support It",https://buyience.com/blog/what-is-b2b-ecommerce-a-complete-guide,#21 ERP-First vs Commerce-First Architecture in B2B — What Actually Works,https://buyience.com/blog/erp-first-vs-commerce-first-architecture-in-b2b-what-actually-works,ERP-first vs commerce-first,ERP systems became the next focal point. Companies like SAP and Oracle offered B2B modules within their enterprise resource planning suites.,The ERP-first vs commerce-first debate became the next focal point. Companies like SAP and Oracle offered B2B modules within their enterprise resource planning suites.,How B2B E-commerce Has Evolved,medium,Phrase absent; distinct sentence from 147 | subagent rematch
150,"#29 B2B E-commerce: What It Is, Why It Matters, and How Modern Platforms Support It",https://buyience.com/blog/what-is-b2b-ecommerce-a-complete-guide,/nova-core (product page),https://buyience.com/nova-core,Nova Core,"The platform is being built with API-first design, cloud infrastructure, and modular services that can evolve independently.","The platform is being built with API-first design, cloud infrastructure, and Nova Core modular services that can evolve independently.",How Buyience Approaches B2B E-commerce,medium,Money page; Nova Core absent from source | subagent rematch
151,"#29 B2B E-commerce: What It Is, Why It Matters, and How Modern Platforms Support It",https://buyience.com/blog/what-is-b2b-ecommerce-a-complete-guide,#31 What Is MACH Architecture? A Complete Guide for Modern B2B Commerce,https://buyience.com/blog/what-is-mach-architecture-a-complete-guide,MACH architecture,"The platform is being built with API-first design, cloud infrastructure, and modular services that can evolve independently.","The platform is being built on MACH architecture with API-first design, cloud infrastructure, and modular services that can evolve independently.",How Buyience Approaches B2B E-commerce,medium,MACH absent; share adjacent sentence with 150 after edits remain unique anchors | subagent rematch
155,"#29 B2B E-commerce: What It Is, Why It Matters, and How Modern Platforms Support It",https://buyience.com/blog/what-is-b2b-ecommerce-a-complete-guide,"#7 B2B Corporate Gifting at Scale: Quoting, Bulk Pricing, and Order Management",https://buyience.com/blog/b2b-corporate-gifting-at-scale-quoting-bulk-pricing-and-order-management,corporate gifting,"These platforms work well for product display but lack the B2B-specific capabilities that manufacturers, distributors, and industrial goods suppliers require.","These platforms work well for product display but lack the B2B-specific capabilities that manufacturers, distributors, industrial goods suppliers, and corporate gifting brands require.",How Buyience Approaches B2B E-commerce,low,No gifting mention; weakest topical fit on this post | subagent rematch
160,#31 What Is MACH Architecture? A Complete Guide for Modern B2B Commerce,https://buyience.com/blog/what-is-mach-architecture-a-complete-guide,#20 The Real Cost of Headless Commerce for B2B Companies,https://buyience.com/blog/the-real-cost-of-headless-commerce-for-b2b-companies,real cost of headless commerce,Headless architecture separates backend commerce logic from frontend presentation layers.,The real cost of headless commerce shows up when Headless architecture separates backend commerce logic from frontend presentation layers without fixing B2B workflows.,Headless Commerce Architecture,medium,Exact Headless phrases lack cost semantics; minimal rewrite | subagent rematch
